url_path,views_total,views_unique
/systemsomicslab/MsdialWorkbench/releases,1474,795
/systemsomicslab/MsdialWorkbench,627,366
/systemsomicslab/MsdialWorkbench/releases/tag/MSDIAL-v5.5.260323,217,144
/systemsomicslab/MsdialWorkbench/releases/tag/MSFINDER-v3.61,153,109
/systemsomicslab/MsdialWorkbench/issues,86,42
/systemsomicslab/MsdialWorkbench/releases/tag/MSDIAL-v5.5.260817,84,65
/systemsomicslab/MsdialWorkbench/pulls,60,19
/systemsomicslab/MsdialWorkbench/compare/MSDIAL-v5.5.260319...MSDIAL-v5.5.260323,55,41
/systemsomicslab/MsdialWorkbench/pull/773,26,4
/systemsomicslab/MsdialWorkbench/tree/MSDIAL-v5.5.260323,25,19
